INSERT INTO CortexBack_tflayertype_options (id, tflayertype_id, tflayertypeoption_id) VALUES (3, 2, 1);
INSERT INTO CortexBack_tflayertype_options (id, tflayertype_id, tflayertypeoption_id) VALUES (4, 2, 2);
INSERT INTO CortexBack_tflayertype_options (id, tflayertype_id, tflayertypeoption_id) VALUES (5, 3, 2);
INSERT INTO CortexBack_tflayertype_options (id, tflayertype_id, tflayertypeoption_id) VALUES (6, 3, 3);
INSERT INTO CortexBack_tflayertype_options (id, tflayertype_id, tflayertypeoption_id) VALUES (7, 3, 4);
INSERT INTO CortexBack_tflayertype_options (id, tflayertype_id, tflayertypeoption_id) VALUES (8, 3, 5);
INSERT INTO CortexBack_tflayertype_options (id, tflayertype_id, tflayertypeoption_id) VALUES (9, 3, 6);
INSERT INTO CortexBack_tflayertype_options (id, tflayertype_id, tflayertypeoption_id) VALUES (10, 4, 8);
INSERT INTO CortexBack_tflayertype_options (id, tflayertype_id, tflayertypeoption_id) VALUES (11, 4, 1);
INSERT INTO CortexBack_tflayertype_options (id, tflayertype_id, tflayertypeoption_id) VALUES (12, 4, 2);
INSERT INTO CortexBack_tflayertype_options (id, tflayertype_id, tflayertypeoption_id) VALUES (13, 4, 7);
INSERT INTO CortexBack_tflayertype_options (id, tflayertype_id, tflayertypeoption_id) VALUES (14, 5, 1);
INSERT INTO CortexBack_tflayertype_options (id, tflayertype_id, tflayertypeoption_id) VALUES (15, 5, 2);
INSERT INTO CortexBack_tflayertype_options (id, tflayertype_id, tflayertypeoption_id) VALUES (16, 5, 7);
INSERT INTO CortexBack_tflayertype_options (id, tflayertype_id, tflayertypeoption_id) VALUES (17, 5, 8);
INSERT INTO CortexBack_tflayertype_options (id, tflayertype_id, tflayertypeoption_id) VALUES (18, 5, 9);
INSERT INTO CortexBack_tflayertype_options (id, tflayertype_id, tflayertypeoption_id) VALUES (19, 5, 10);
INSERT INTO CortexBack_tflayertype_options (id, tflayertype_id, tflayertypeoption_id) VALUES (20, 6, 1);
INSERT INTO CortexBack_tflayertype_options (id, tflayertype_id, tflayertypeoption_id) VALUES (21, 6, 2);
INSERT INTO CortexBack_tflayertype_options (id, tflayertype_id, tflayertypeoption_id) VALUES (22, 6, 7);
INSERT INTO CortexBack_tflayertype_options (id, tflayertype_id, tflayertypeoption_id) VALUES (23, 6, 8);
INSERT INTO CortexBack_tflayertype_options (id, tflayertype_id, tflayertypeoption_id) VALUES (24, 6, 9);
INSERT INTO CortexBack_tflayertype_options (id, tflayertype_id, tflayertypeoption_id) VALUES (25, 6, 10);
INSERT INTO CortexBack_tflayertype_options (id, tflayertype_id, tflayertypeoption_id) VALUES (26, 7, 6);
INSERT INTO CortexBack_tflayertype_options (id, tflayertype_id, tflayertypeoption_id) VALUES (27, 7, 11);
INSERT INTO CortexBack_tflayertype_options (id, tflayertype_id, tflayertypeoption_id) VALUES (28, 7, 12);
INSERT INTO CortexBack_tflayertype_options (id, tflayertype_id, tflayertypeoption_id) VALUES (29, 7, 13);
INSERT INTO CortexBack_tflayertype_options (id, tflayertype_id, tflayertypeoption_id) VALUES (30, 7, 14);
INSERT INTO CortexBack_tflayertype_options (id, tflayertype_id, tflayertypeoption_id) VALUES (31, 7, 15);
INSERT INTO CortexBack_tflayertype_options (id, tflayertype_id, tflayertypeoption_id) VALUES (32, 8, 6);
INSERT INTO CortexBack_tflayertype_options (id, tflayertype_id, tflayertypeoption_id) VALUES (33, 8, 11);
INSERT INTO CortexBack_tflayertype_options (id, tflayertype_id, tflayertypeoption_id) VALUES (34, 8, 12);
INSERT INTO CortexBack_tflayertype_options (id, tflayertype_id, tflayertypeoption_id) VALUES (35, 8, 13);
INSERT INTO CortexBack_tflayertype_options (id, tflayertype_id, tflayertypeoption_id) VALUES (36, 8, 14);
INSERT INTO CortexBack_tflayertype_options (id, tflayertype_id, tflayertypeoption_id) VALUES (37, 8, 15);
INSERT INTO CortexBack_tflayertype_options (id, tflayertype_id, tflayertypeoption_id) VALUES (38, 9, 16);
INSERT INTO CortexBack_tflayertype_options (id, tflayertype_id, tflayertypeoption_id) VALUES (39, 9, 17);
INSERT INTO CortexBack_tflayertype_options (id, tflayertype_id, tflayertypeoption_id) VALUES (40, 9, 10);
INSERT INTO CortexBack_tflayertype_options (id, tflayertype_id, tflayertypeoption_id) VALUES (41, 9, 18);
INSERT INTO CortexBack_tflayertype_options (id, tflayertype_id, tflayertypeoption_id) VALUES (42, 10, 19);
INSERT INTO CortexBack_tflayertype_options (id, tflayertype_id, tflayertypeoption_id) VALUES (43, 10, 20);
INSERT INTO CortexBack_tflayertype_options (id, tflayertype_id, tflayertypeoption_id) VALUES (44, 10, 21);
INSERT INTO CortexBack_tflayertype_options (id, tflayertype_id, tflayertypeoption_id) VALUES (45, 10, 22);
INSERT INTO CortexBack_tflayertype_options (id, tflayertype_id, tflayertypeoption_id) VALUES (46, 11, 2);
INSERT INTO CortexBack_tflayertype_options (id, tflayertype_id, tflayertypeoption_id) VALUES (47, 11, 18);
INSERT INTO CortexBack_tflayertype_options (id, tflayertype_id, tflayertypeoption_id) VALUES (48, 13, 18);
INSERT INTO CortexBack_tflayertype_options (id, tflayertype_id, tflayertypeoption_id) VALUES (49, 13, 15);
INSERT INTO CortexBack_tflayertype_options (id, tflayertype_id, tflayertypeoption_id) VALUES (50, 14, 18);



INSERT INTO CortexBack_tflayertype (id, name) VALUES (2, 'Dense');
INSERT INTO CortexBack_tflayertype (id, name) VALUES (3, 'Convolutionnal 2D');
INSERT INTO CortexBack_tflayertype (id, name) VALUES (4, 'Simple RNN');
INSERT INTO CortexBack_tflayertype (id, name) VALUES (5, 'LSTM');
INSERT INTO CortexBack_tflayertype (id, name) VALUES (6, 'GRU');
INSERT INTO CortexBack_tflayertype (id, name) VALUES (7, 'Max pooling 2D');
INSERT INTO CortexBack_tflayertype (id, name) VALUES (8, 'Average pooling 2D');
INSERT INTO CortexBack_tflayertype (id, name) VALUES (9, 'Dropout');
INSERT INTO CortexBack_tflayertype (id, name) VALUES (10, 'Batch normalisation');
INSERT INTO CortexBack_tflayertype (id, name) VALUES (11, 'Activation');
INSERT INTO CortexBack_tflayertype (id, name) VALUES (12, 'Flatten');
INSERT INTO CortexBack_tflayertype (id, name) VALUES (13, 'Global max pooling 2D');
INSERT INTO CortexBack_tflayertype (id, name) VALUES (14, 'Global average pooling 2D');



INSERT INTO CortexBack_tflayertypeoption (id, name, type, possible_values)
VALUES (
    1,
    'Units',
    'integer',
    '[]'
  );

INSERT INTO CortexBack_tflayertypeoption (id, name, type, possible_values)
VALUES (
    2,
    'Activation',
    'string',
    '["None (linear)", "ReLu", "Sigmoid", "Tanh", "Leaky ReLu", "Maxout", "Softmax", "SiLU (swish)", "GeLU"]'
  );

INSERT INTO CortexBack_tflayertypeoption (id, name, type, possible_values)
VALUES (
    3,
    'Filters',
    'integer',
    '[]'
  );

INSERT INTO CortexBack_tflayertypeoption (id, name, type, possible_values)
VALUES (
    4,
    'Kernel width',
    'integer',
    '[]'
  );

INSERT INTO CortexBack_tflayertypeoption (id, name, type, possible_values)
VALUES (
    5,
    'Kernel height',
    'integer',
    '[]'
  );

INSERT INTO CortexBack_tflayertypeoption (id, name, type, possible_values)
VALUES (
    6,
    'Padding',
    'string',
    '["valid", "same"]'
  );

INSERT INTO CortexBack_tflayertypeoption (id, name, type, possible_values)
VALUES (
    7,
    'Input shape timesteps',
    'integer',
    '[]'
  );

INSERT INTO CortexBack_tflayertypeoption (id, name, type, possible_values)
VALUES (
    8,
    'Input shape features',
    'integer',
    '[]'
  );

INSERT INTO CortexBack_tflayertypeoption (id, name, type, possible_values)
VALUES (
    9,
    'Return sequences',
    'boolean',
    '["true", "false"]'
  );

INSERT INTO CortexBack_tflayertypeoption (id, name, type, possible_values)
VALUES (
    10,
    'Dropout',
    'float',
    '[0, 1]'
  );

INSERT INTO CortexBack_tflayertypeoption (id, name, type, possible_values)
VALUES (
    11,
    'Pool size x',
    'integer',
    '[]'
  );

INSERT INTO CortexBack_tflayertypeoption (id, name, type, possible_values)
VALUES (
    12,
    'Pool size y',
    'integer',
    '[]'
  );

INSERT INTO CortexBack_tflayertypeoption (id, name, type, possible_values)
VALUES (
    13,
    'Horizontal stride',
    'integer',
    '[]'
  );

INSERT INTO CortexBack_tflayertypeoption (id, name, type, possible_values)
VALUES (
    14,
    'Vertical stride',
    'integer',
    '[]'
  );

INSERT INTO CortexBack_tflayertypeoption (id, name, type, possible_values)
VALUES (
    15,
    'Data format',
    'string',
    '["Channels last", "Channels first"]'
  );

INSERT INTO CortexBack_tflayertypeoption (id, name, type, possible_values)
VALUES (
    16,
    'Noise shape',
    'integer',
    '[]'
  );

INSERT INTO CortexBack_tflayertypeoption (id, name, type, possible_values)
VALUES (
    17,
    'Seed',
    'integer',
    '[]'
  );

INSERT INTO CortexBack_tflayertypeoption (id, name, type, possible_values)
VALUES (
    18,
    'Trainable',
    'boolean',
    '["true", "false"]'
  );

INSERT INTO CortexBack_tflayertypeoption (id, name, type, possible_values)
VALUES (
    19,
    'Center',
    'boolean',
    '["true", "false"]'
  );

INSERT INTO CortexBack_tflayertypeoption (id, name, type, possible_values)
VALUES (
    20,
    'Scale',
    'boolean',
    '["true", "false"]'
  );

INSERT INTO CortexBack_tflayertypeoption (id, name, type, possible_values)
VALUES (
    21,
    'Momentum',
    'float',
    '[0, 1]'
  );

INSERT INTO CortexBack_tflayertypeoption (id, name, type, possible_values)
VALUES (
    22,
    'Epsilon',
    'float',
    '[0, 1]'
  );